NBHD_NAME,TTL_POPULATION_ALL,HISPANIC_OR_LATINO,WHITE,BLACK,NATIVE_AMERICAN,ASIAN,HAWAIIAN_PI,OTHER_RACE,TWO_OR_MORE,PCT_HISPANIC,PCT_WHITE,PCT_BLACK,PCT_NATIVEAM,PCT_ASIAN,PCT_HAWAIIANPI,PCT_OTHERRACE,PCT_TWOORMORE_RACES,MALE,FEMALE,AGE_LESS_5,AGE_5_TO_9,AGE_10_TO_14,AGE_15_TO_17,AGE_0_TO_9,AGE_10_TO_19,AGE_20_TO_29,AGE_30_TO_39,AGE_40_TO_49,AGE_50_TO_59,AGE_60_TO_69,AGE_70_TO_79,AGE_80_PLUS,AGELESS18,AGE65PLUS,PCT_AGELESS18,PCT_AGE65PLUS,MEDIAN_AGE_ALL,MEDIAN_AGE_MALE,MEDIAN_AGE_FEMALE,TTL_AGE_3_PLUS_ENRSTATUS,ENROLLED_IN_SCHOOL,NURSERY_OR_PRESCHOOL,KINDERGARTEN,GRADES_1_TO_4,GRADES_5_TO_8,GRADES_9_TO_12,COLLEGE_UNDERGRADUATE,GRADUATE_SCHOOL,NOT_ENROLLED,TOTAL_COMMUTERS,COMMUTE_LESS_15,COMMUTE_15_TO_30,COMMUTE_30_TO_45,COMMUTE_45_TO_60,COMMUTE_60_TO_PLUS,TTLPOP_25PLUS_EDU,LESS_THAN_HS_DIPLOMA_EDU,HSGRAD_OR_EQUIV_EDU,SOMECOLLEGE_OR_AA_EDU,BACHELORS_OR_HIGHER_EDU,TTLPOP_5PLUS_LNG,ONLY_ENGLISH_LNG,SPANISH_LNG,TTL_HOUSING_UNITS,OCCUPIED_HU,VACANT_HU,OWNER_OCCUPIED_HU,RENTER_OCCUPIED_HU,TTL_HOUSEHOLDS,FAMILY_HOUSEHOLDS,MARRIED_COUPLE_FAMILY,OTHER_FAMILY,MALE_HHLDR_NO_WIFE_PRESENT,FEMALE_HHLDR_NO_HSBND_PRESENT,NONFAMILY_HOUSEHOLD,HOUSEHOLDER_ALONE,HOUSEHOLDER_NOT_ALONE,HH_INC_LESS_10000,HH_INC_10000_14999,HH_INC_15000_19999,HH_INC_20000_24999,HH_INC_25000_29999,HH_INC_30000_34999,HH_INC_35000_39999,HH_INC_40000_44999,HH_INC_45000_49999,HH_INC_50000_59999,HH_INC_60000_74999,HH_INC_75000_99999,HH_INC_100000_124999,HH_INC_125000_149999,HH_INC_150000_199999,HH_INC_OVER_200000,MED_HH_INCOME,MED_FAMILY_INCOME,PER_CAPITA_INCOME,AVG_HH_INCOME,AVG_FAM_INCOME,MEDIAN_EARNINGS,MEDIAN_EARN_MALE,MEDIAN_EARN_FEMALE,MEDEARN_LESSHS,MEDEARN_HIGHSCHOOL,MEDEARN_SOMECOLLEGE,MEDEARN_BACHELORS,MEDEARN_GRAD_PROFESSIONAL,MED_YR_STRUCTURE_BUILT,BUILT_2014_OR_LATER,BUILT_2010_2013,BUILT_2000_2009,BUILT_1990_1999,BUILT_1980_1989,BUILT_1970_1979,BUILT_1960_1969,BUILT_1950_1959,BUILT_1940_1949,BUILT_1939_OR_EARLIER,MED_CONTRACT_RENT,MED_GROSS_RENT,MEDIAN_HOME_VALUE,NATIVE,FOREIGN_BORN_FB,EUROPEAN_FB,NORTHERN_EUROPE_FB,WESTERN_EUROPE_FB,SOUTHERN_EUROPE_FB,EASTERN_EUROPE_FB,ASIA_FB,EASTERN_ASIA_FB,SOUTH_CENTRAL_ASIA_FB,SOUTH_EASTERN_ASIA_FB,WESTERN_ASIA_FB,AFRICA_FB,EASTERN_AFRICA_FB,MIDDLE_AFRICA_FB,SOUTHERN_AFRICA_FB,WESTERN_AFRICA_FB,OCEANIA_FB,AMERICAS_FB,LATIN_AMERICA_FB,CARRIBEAN_FB,CENTRAL_AMERICA_FB,SOUTH_AMERICA_FB,NORTH_AMERICA_FB,PCT_POVERTY,PCT_FAM_POVERTY
Bear Valley,9247.0,3125.0,4809.0,704.0,225.0,359.0,0.0,0.0,25.0,32.57923324,55.56559195,5.2482481,1.67735202,4.43744871,0.0,0.0,0.49212598,4463.0,4784.0,460.0,644.0,366.0,331.0,1104.0,868.0,1745.0,1289.0,1231.0,1178.0,798.0,527.0,507.0,1801.0,1840.0,19.28450884,22.0335083,39.15,40.85,38.6,8908,1774,61,147,436,280,453,365,32,7134,4710.0,647.0,1874.0,1346.0,502.0,341.0,6765.0,578.0,1638.0,2049.0,2500.0,8787.0,7317.0,1215.0,3905,3759,146,2289,1470,3759,2207,1416,791,492,299,1552,1143,409,173,64,219,25,52,420,317,208,117,199,351,561,418,264,243,128,61965,76304,33741,61965,76304,40232,48440,35539,14286,32086,40152,49252,71354,1972.5,3,24,256,108,341,1684,1333,120,4,32,1174,1288,293750,8238,1009,50,24,26,0,0,316,56,60,200,0,0,0,0,0,0,0,643,643,7,622,14,0,8.45,5.403827
Harvey Park South,9410.0,4725.0,3388.0,324.0,13.0,614.0,336.0,0.0,10.0,49.51289565,36.31728101,2.72773194,0.15733519,6.33053251,4.84010372,0.0,0.11411998,4684.0,4726.0,679.0,508.0,633.0,514.0,1187.0,1493.0,1257.0,1313.0,956.0,1253.0,1082.0,518.0,351.0,2334.0,1681.0,25.33062414,18.19884809,35.35,32.05,40.15,9105,2530,285,134,319,582,610,493,107,6575,4165.0,904.0,1390.0,1201.0,517.0,153.0,5992.0,1193.0,1402.0,1886.0,1511.0,8731.0,5871.0,2101.0,3441,3312,129,1919,1393,3312,1944,1330,614,150,464,1368,1035,333,280,193,166,120,226,96,116,205,189,225,367,305,282,241,228,73,59417,74918,28332,59417,74918,39143,48664,31401,25476,29041,46484,47274,88281,1967.0,0,15,48,189,232,746,306,1859,7,39,1126,1298,289500,7840,1570,103,0,42,0,61,364,21,113,230,0,0,0,0,0,0,30,1073,1061,43,830,188,12,14.15,13.40963715
Southmoor Park,5505.0,290.0,4563.0,244.0,6.0,281.0,0.0,0.0,121.0,5.81400629,83.19966703,3.97877155,0.15251652,4.89671582,0.0,0.0,1.95832278,2952.0,2553.0,226.0,141.0,135.0,87.0,367.0,261.0,1729.0,1027.0,696.0,641.0,342.0,274.0,168.0,589.0,844.0,12.13896592,18.25972957,37.2,37.35,38.75,5350,940,70,16,118,122,114,304,196,4410,3611.0,884.0,1739.0,756.0,174.0,58.0,4345.0,109.0,243.0,950.0,3043.0,5279.0,4616.0,150.0,3302,3055,247,878,2177,3055,1056,821,235,117,118,1999,1481,518,158,57,58,67,152,157,66,125,105,246,276,484,439,267,155,243,77298,110356,55189,77298,110356,53609,57075,46640,None,41378,43236,55256,75110,1984.0,250,280,1089,657,81,189,452,271,15,18,1451,1588,491250,4772,733,211,6,58,0,147,281,54,132,8,87,82,0,0,22,21,0,159,142,65,16,61,17,8.7,6.12271364
Hampden South,16259.0,1985.0,11701.0,1378.0,5.0,773.0,0.0,64.0,353.0,11.56202787,72.85442279,8.05106808,0.04566866,5.43162548,0.0,0.27633851,1.7788486,8294.0,7965.0,558.0,960.0,613.0,233.0,1518.0,1051.0,2635.0,2547.0,2590.0,1778.0,1900.0,1378.0,862.0,2364.0,4514.0,13.2120815,28.29025709,41.3,38.5,45.4,15933,2987,137,282,675,545,282,854,212,12946,8738.0,2093.0,3967.0,2061.0,379.0,238.0,12853.0,607.0,1719.0,3385.0,7142.0,15701.0,13406.0,705.0,8462,7916,546,4264,3652,7916,3882,2920,962,376,586,4034,3205,829,139,101,382,190,219,501,349,483,401,489,1071,1033,853,334,691,680,73403,101713,48117,73403,101713,49283,54186,41582,59168,31494,41573,55757,56950,1980.0,490,34,597,782,1115,3286,1759,277,44,78,1367,1433,380533,14501,1758,409,37,83,7,282,835,233,282,132,188,119,32,0,9,0,0,395,348,17,225,106,47,3.56666667,1.16108097
Goldsmith,6045.0,1260.0,3858.0,563.0,45.0,130.0,0.0,4.0,185.0,20.84367246,63.82133995,9.31348222,0.74441687,2.15053763,0.0,0.06617039,3.06038048,3114.0,2931.0,414.0,379.0,253.0,93.0,793.0,408.0,1085.0,938.0,813.0,754.0,566.0,268.0,420.0,1139.0,1204.0,18.8420182,19.91728701,35.7,33.8,38.9,5860,1185,136,58,246,258,146,235,106,4675,3121.0,477.0,1590.0,701.0,179.0,174.0,4445.0,357.0,1154.0,1111.0,1823.0,5631.0,4529.0,699.0,2989,2861,128,871,1990,2861,1276,841,435,252,183,1585,1314,271,237,125,89,205,214,249,219,80,113,370,167,247,249,73,125,99,45613,63819,29967,45613,63819,32182,34570,30772,35160,31058,25036,40355,62875,1973.0,0,0,55,68,246,1591,918,68,12,31,962,1039,412500,5180,865,72,43,0,13,16,140,42,38,0,60,169,21,0,0,119,0,484,467,0,444,23,17,14.7,12.22570533
Cory - Merrill,4678.0,529.0,3858.0,52.0,7.0,178.0,0.0,0.0,54.0,11.30825139,82.47114151,1.11158615,0.1496366,3.80504489,0.0,0.0,1.15433946,2537.0,2141.0,500.0,347.0,183.0,101.0,847.0,336.0,408.0,1057.0,614.0,402.0,607.0,217.0,190.0,1131.0,708.0,24.17699872,15.13467294,37.6,34.6,39.9,4382,1137,232,88,290,107,143,175,102,3245,2130.0,734.0,727.0,468.0,143.0,58.0,3267.0,16.0,288.0,516.0,2447.0,4178.0,3831.0,130.0,1924,1836,88,1446,390,1836,1215,944,271,90,181,621,465,156,50,6,0,54,39,9,28,77,56,74,129,280,213,118,206,497,116310,141587,73240,116310,141587,71763,82992,61061,None,57546,None,77222,70956,1952.0,73,7,293,31,160,35,69,374,574,308,1542,1638,598400,4504,174,10,0,10,0,0,117,21,78,18,0,0,0,0,0,0,0,47,38,0,35,3,9,5.5,0.98765432
Windsor,14734.0,3413.0,7126.0,2870.0,26.0,861.0,0.0,8.0,430.0,24.01992647,47.14342288,19.86138879,0.17747503,5.75627289,0.0,0.0593648,2.98214914,7031.0,7703.0,909.0,617.0,420.0,217.0,1526.0,706.0,2267.0,1821.0,2273.0,1298.0,2020.0,1567.0,1256.0,2163.0,5245.0,15.11745981,34.57809614,45.76666667,42.16666667,47.96666667,14124,2165,116,121,508,328,316,552,224,11959,6732.0,988.0,2958.0,1818.0,474.0,494.0,11580.0,1262.0,2923.0,2965.0,4430.0,13825.0,9342.0,2190.0,8683,8144,539,3753,4391,8144,2748,1721,1027,325,702,5396,4525,871,540,493,714,509,666,648,461,426,433,739,552,1041,389,160,213,160,45493,54173,30669,45493,54173,33300,35887,27712,18722,26758,29541,41074,63590,1976.66666667,0,132,220,1126,1617,2671,2096,660,87,74,1027,1117,237900,10923,3811,398,62,133,9,194,842,44,624,48,126,1174,685,68,18,288,0,1397,1361,51,1168,142,36,16.1,13.3390043
Belcaro,4250.0,279.0,3744.0,121.0,0.0,50.0,0.0,23.0,33.0,6.56470588,88.09411765,2.84705882,0.0,1.17647059,0.0,0.54117647,0.77647059,2169.0,2081.0,206.0,182.0,132.0,71.0,388.0,203.0,463.0,677.0,496.0,520.0,602.0,616.0,285.0,591.0,1778.0,13.90588235,41.83529412,47.5,45.3,52.2,4122,626,88,75,97,132,71,117,46,3496,1891.0,671.0,974.0,205.0,22.0,19.0,3479.0,38.0,214.0,517.0,2710.0,4044.0,3742.0,49.0,2526,2165,361,1722,443,2165,1202,1020,182,88,94,963,838,125,69,24,85,65,17,0,0,85,14,66,136,282,234,162,299,627,126964,161716,89352,126964,161716,83833,99737,69330,None,None,None,84833,130388,1965.0,111,26,525,270,88,47,392,374,233,460,1673,1786,761200,3891,359,191,16,95,0,80,107,0,88,19,0,15,15,0,0,0,0,46,17,17,0,0,29,3.1,1.08153078
Washington Park,7278.0,318.0,6685.0,38.0,37.0,128.0,5.0,7.0,60.0,4.7044651,91.60840901,0.67549208,0.39370079,1.59815545,0.0969368,0.13571152,0.78712927,3516.0,3762.0,357.0,393.0,415.0,181.0,750.0,633.0,789.0,999.0,1417.0,762.0,1102.0,647.0,179.0,1346.0,1849.0,16.81503353,29.57577371,44.1,44.1,44.0,7103,1455,167,118,317,316,235,109,193,5648,3435.0,908.0,1331.0,857.0,131.0,208.0,5766.0,85.0,364.0,742.0,4575.0,6921.0,6570.0,105.0,3602,3310,292,2597,713,3310,1947,1700,247,100,147,1363,1119,244,94,54,54,98,79,51,58,64,115,226,185,321,242,244,512,913,126108,159282,82633,126108,159282,65344,87276,52955,None,30324,20341,62752,104528,985.5,17,122,201,143,89,564,281,176,175,1834,1852,1876,664200,6861,417,275,82,85,49,59,70,17,7,46,0,0,0,0,0,0,0,72,36,0,27,9,36,5.35,3.56968007
Washington Park West,7564.0,569.0,6523.0,66.0,9.0,99.0,0.0,23.0,275.0,7.59307882,86.1253732,0.84193364,0.13181019,1.37718537,0.0,0.27710843,3.65351035,3978.0,3586.0,455.0,333.0,176.0,17.0,788.0,215.0,1452.0,2000.0,1174.0,818.0,679.0,301.0,137.0,981.0,1026.0,12.78290667,13.4653341,35.55,36.7,34.8,7303,1210,152,88,224,158,34,252,302,6093,4490.0,899.0,2105.0,1005.0,264.0,217.0,6209.0,97.0,340.0,928.0,4844.0,7109.0,6685.0,218.0,3849,3622,227,2141,1481,3622,1566,1333,233,117,116,2056,1293,763,141,27,49,98,44,77,27,172,128,155,351,515,416,237,477,708,101112,136365,63960,101112,136365,63610,69258,61740,None,36758,44997,61443,80499,0.0,171,80,176,64,8,68,163,244,236,2639,1420,1550,545350,7240,324,95,59,18,8,10,81,28,8,45,0,10,10,0,0,0,28,110,110,0,85,25,0,6.1,3.87398957
Platt Park,5658.0,441.0,4976.0,102.0,0.0,0.0,0.0,0.0,139.0,7.79427359,87.94627077,1.80275716,0.0,0.0,0.0,0.0,2.45669848,2523.0,3135.0,450.0,268.0,145.0,125.0,718.0,270.0,862.0,1290.0,647.0,813.0,843.0,112.0,103.0,988.0,632.0,17.46200071,11.17002474,37.4,37.6,35.9,5338,914,160,49,145,123,147,215,75,4424,3480.0,907.0,1668.0,716.0,124.0,65.0,4527.0,47.0,350.0,737.0,3393.0,5208.0,4949.0,146.0,2846,2692,154,1837,855,2692,1420,1257,163,42,121,1272,910,362,184,35,64,92,31,53,77,37,113,193,179,226,334,235,282,557,102313,165985,61516,102313,165985,61179,75648,52956,None,23792,51786,60781,71215,0.0,67,44,285,30,39,42,194,181,217,1747,1227,1333,501700,5466,192,42,13,17,0,12,0,0,0,0,0,0,0,0,0,0,0,150,88,0,40,48,62,7.6,1.76056338
College View - South Platte,8870.0,6635.0,1229.0,213.0,12.0,761.0,0.0,3.0,17.0,74.80270575,13.85569335,2.40135287,0.13528749,8.5794814,0.0,0.03382187,0.19165727,4926.0,3944.0,808.0,859.0,659.0,559.0,1667.0,1568.0,1512.0,1149.0,1199.0,956.0,528.0,254.0,37.0,2885.0,634.0,32.5253664,7.14768884,27.4,27.7,26.6,8403,2246,119,162,638,481,533,256,57,6157,3308.0,311.0,720.0,1792.0,189.0,296.0,4814.0,2122.0,1319.0,875.0,498.0,8062.0,2831.0,4560.0,2513,2407,106,945,1462,2407,1765,1072,693,251,442,642,506,136,432,120,81,106,102,141,132,94,169,195,265,183,131,122,60,74,44816,48157,17730,44816,48157,30282,35065,26978,29049,29076,29394,None,50179,1973.0,0,12,224,236,220,797,276,266,377,105,841,919,196000,5610,3260,60,14,0,0,46,680,54,3,623,0,0,0,0,0,0,0,2520,2520,0,2520,0,0,31.7,26.68555241
Overland,3269.0,825.0,2030.0,228.0,58.0,52.0,0.0,0.0,76.0,25.23707556,62.09850107,6.97460997,1.77424289,1.59070052,0.0,0.0,2.32486999,1839.0,1430.0,99.0,146.0,144.0,66.0,245.0,256.0,833.0,837.0,361.0,303.0,294.0,101.0,39.0,455.0,260.0,13.91862955,7.9535026,32.1,32.6,31.8,3212,604,24,43,60,104,104,182,87,2608,1921.0,274.0,895.0,654.0,86.0,12.0,2534.0,348.0,420.0,688.0,1078.0,3170.0,2490.0,596.0,1678,1596,82,516,1080,1596,561,415,146,50,96,1035,658,377,150,42,81,44,71,61,58,60,70,178,194,293,106,91,60,37,58583,53036,36060,58583,53036,41493,43043,40469,None,32554,36250,51889,62250,1961.0,39,260,332,83,0,93,35,231,164,441,1350,1502,251400,2852,417,15,15,0,0,0,53,8,7,38,0,25,25,0,0,0,7,317,317,0,260,57,0,16.3,8.73440285
Ruby Hill,11493.0,7025.0,2454.0,695.0,0.0,1018.0,3.0,0.0,298.0,60.00634036,21.46880654,6.81194885,0.0,8.83774667,0.03033367,0.0,2.84482391,6053.0,5440.0,527.0,911.0,1298.0,455.0,1438.0,2006.0,1593.0,1905.0,1500.0,1295.0,847.0,586.0,323.0,3191.0,1731.0,27.91580476,14.40097178,32.7,31.15,35.2,11181,3085,101,154,684,1019,779,274,74,8096,5190.0,816.0,1856.0,1517.0,582.0,419.0,7286.0,2536.0,2499.0,1225.0,1026.0,10966.0,4758.0,4740.0,3872,3790,82,2026,1764,3790,2292,1563,729,290,439,1498,1155,343,529,105,261,210,80,299,149,259,183,426,262,388,365,131,40,103,44564,50924,21578,44564,50924,32868,34732,28342,25007,31254,41284,51466,71880,1957.5,0,0,28,22,121,616,645,2082,279,79,784,838,226400,7598,3895,35,0,0,0,35,815,30,0,775,10,418,52,325,0,32,0,2627,2627,114,2487,26,0,14.2,9.89712376
Kennedy,5300.0,1963.0,1664.0,878.0,0.0,741.0,0.0,0.0,54.0,37.03773585,31.39622642,16.56603774,0.0,13.98113208,0.0,0.0,1.01886792,2821.0,2479.0,485.0,303.0,162.0,116.0,788.0,394.0,1267.0,1449.0,866.0,219.0,312.0,5.0,0.0,1066.0,73.0,20.11320755,1.37735849,31.3,31.9,28.6,5120,1299,79,84,262,119,194,466,95,3821,3238.0,446.0,1362.0,837.0,402.0,191.0,3467.0,588.0,508.0,1172.0,1199.0,4815.0,2422.0,1093.0,2688,2482,206,0,2482,2482,1044,651,393,181,212,1438,1090,348,68,81,172,150,356,77,273,140,154,293,309,218,63,30,98,0,42133,47028,25184,42133,47028,30102,32396,25177,25518,33295,25689,31429,51932,1979.0,16,265,405,106,460,1136,228,72,0,0,1070,1176,None,3142,2158,15,0,0,0,15,802,129,442,6,225,453,261,82,0,97,0,888,888,0,514,374,0,15.8,13.31417625
Hampden,20007.0,2797.0,12431.0,3385.0,1.0,886.0,49.0,0.0,458.0,13.75708877,62.68112502,16.80973633,0.00632111,4.14222306,0.2687185,0.0,2.3347872,9824.0,10183.0,958.0,1283.0,777.0,488.0,2241.0,1407.0,3489.0,3385.0,2314.0,2519.0,2396.0,1463.0,793.0,3506.0,4116.0,16.98329809,20.67189274,38.525,39.575,39.125,19413,4194,347,239,1066,607,534,937,464,15219,10952.0,1989.0,5127.0,2775.0,498.0,563.0,15010.0,922.0,2611.0,4454.0,7023.0,19049.0,15671.0,1300.0,10419,9788,631,4254,5534,9788,4635,3087,1548,414,1134,5153,4197,956,551,416,410,331,437,546,493,437,523,1193,852,1255,621,606,607,510,58986,72139,41095,58986,72139,40343,41837,41650,19167,35690,37748,42447,60758,1975.25,61,407,82,433,1852,5448,1871,134,34,97,1179,1255,307825,17167,2840,486,33,72,11,370,1035,415,279,162,179,710,160,0,33,480,0,609,549,86,449,14,60,11.375,8.41866222
Baker,6613.0,1387.0,4399.0,164.0,0.0,366.0,0.0,0.0,297.0,20.97383941,66.52048994,2.47996371,0.0,5.53455315,0.0,0.0,4.49115379,3302.0,3311.0,427.0,372.0,89.0,42.0,799.0,193.0,1280.0,2029.0,919.0,549.0,518.0,224.0,102.0,930.0,713.0,14.06320883,10.78179344,33.9,35.9,32.9,6254,908,89,217,134,89,91,145,143,5346,3942.0,717.0,1745.0,1003.0,245.0,232.0,5269.0,567.0,598.0,730.0,3374.0,6186.0,5002.0,868.0,3217,3077,140,1345,1732,3077,1194,995,199,56,143,1883,1247,636,146,187,66,44,173,100,94,82,176,228,314,302,431,273,244,217,72064,91210,43834,72064,91210,48728,47464,49756,38024,None,33623,49009,70174,0.0,181,180,271,0,72,105,319,148,180,1761,1188,1256,399100,5850,763,73,0,0,0,73,201,156,45,0,0,57,0,0,0,57,0,432,432,0,432,0,0,8.6,5.360134
Fort Logan,8918.0,2443.0,5708.0,177.0,58.0,410.0,14.0,5.0,103.0,27.68883213,64.08129104,2.13076361,0.63090414,3.98788352,0.18216872,0.03510989,1.26304695,4364.0,4554.0,581.0,563.0,441.0,278.0,1144.0,832.0,1245.0,1023.0,925.0,1355.0,1117.0,726.0,551.0,1863.0,2173.0,20.14661815,24.45606753,43.63333333,42.33333333,45.13333333,8534,2020,167,105,483,325,367,408,165,6514,3875.0,885.0,1160.0,1156.0,345.0,329.0,6444.0,607.0,1510.0,2068.0,2259.0,8337.0,7116.0,860.0,3411,3288,123,2437,851,3288,2280,1626,654,216,438,1008,861,147,228,81,99,145,83,179,77,77,181,121,273,579,321,418,195,231,77998,93222,35947,77998,93222,44080,55758,37890,33528,39410,41407,57161,81602,1975.0,4,109,110,390,296,1302,825,332,13,30,1016,1163,364900,8403,515,91,13,19,0,59,216,43,35,138,0,5,0,0,0,0,0,203,186,0,137,49,17,10.06666667,7.06196561
Chaffee Park,3850.0,2092.0,1619.0,35.0,7.0,9.0,16.0,0.0,72.0,54.33766234,42.05194805,0.90909091,0.18181818,0.23376623,0.41558442,0.0,1.87012987,2005.0,1845.0,164.0,115.0,240.0,151.0,279.0,437.0,592.0,699.0,434.0,516.0,501.0,262.0,130.0,670.0,796.0,17.4025974,20.67532468,38.3,34.9,40.7,3759,835,72,36,74,203,147,123,180,2924,1823.0,307.0,805.0,409.0,210.0,92.0,2996.0,682.0,767.0,649.0,898.0,3686.0,2292.0,1344.0,1704,1618,86,1068,550,1618,816,663,153,40,113,802,635,167,75,152,51,118,86,23,125,54,79,89,203,201,144,119,40,59,55541,72821,32119,55541,72821,42768,45759,36705,25868,28077,43800,50793,69844,1948.0,38,137,23,38,38,76,108,247,881,118,1138,1267,257400,3223,627,7,0,7,0,0,9,0,0,9,0,9,9,0,0,0,0,602,602,0,602,0,0,8.2,3.79901961
Sunnyside,10151.0,4724.0,4574.0,312.0,140.0,189.0,14.0,49.0,149.0,47.12023108,44.33085053,3.09042606,1.53233864,1.82121253,0.11692976,0.44529012,1.54272128,5016.0,5135.0,612.0,537.0,566.0,325.0,1149.0,1032.0,1781.0,2348.0,1162.0,1102.0,692.0,712.0,173.0,2040.0,1553.0,19.94836825,15.03252746,34.06666667,33.43333333,34.46666667,9770,2133,218,108,446,484,383,339,155,7637,5236.0,1045.0,2611.0,905.0,363.0,312.0,7562.0,1553.0,1505.0,1686.0,2818.0,9539.0,7440.0,1869.0,4437,4210,227,2170,2040,4210,2333,1362,971,262,709,1877,1315,562,589,223,128,151,136,243,132,135,92,339,294,457,443,307,238,303,59628,67092,34108,59628,67092,43004,43434,41311,25716,30311,34295,65937,63643,1297.66666667,22,137,52,147,132,213,274,839,631,1990,868,917,399333,9128,1023,88,32,0,35,21,113,41,11,61,0,22,22,0,0,0,17,783,774,0,734,40,9,19.56666667,18.12729567
Highland,9600.0,2147.0,6978.0,63.0,127.0,174.0,0.0,0.0,111.0,22.85810597,72.27821607,0.67355818,1.24684129,1.85564245,0.0,0.0,1.08763604,4907.0,4693.0,341.0,332.0,314.0,155.0,673.0,541.0,2223.0,2591.0,1506.0,960.0,586.0,267.0,253.0,1142.0,1099.0,12.20622567,11.20834495,33.6,34.05,33.1,9362,1285,130,56,252,222,202,197,226,8077,5967.0,1427.0,2580.0,1337.0,426.0,197.0,7896.0,684.0,788.0,928.0,5496.0,9259.0,7907.0,1111.0,5510,5087,423,2082,3005,5087,1620,1240,380,213,167,3467,2364,1103,207,171,86,292,139,130,123,148,80,221,506,662,594,435,596,697,87792,117166,62765,87792,117166,57728,63316,53546,62429,19141,47298,63223,79471,1974.5,626,563,708,218,186,219,234,305,297,2154,1546,1650,517650,8739,861,171,35,31,55,50,108,60,24,24,0,17,17,0,0,0,0,565,505,0,463,42,60,7.6,1.97585071
Globeville,4550.0,2710.0,1478.0,203.0,10.0,40.0,0.0,17.0,92.0,59.56043956,32.48351648,4.46153846,0.21978022,0.87912088,0.0,0.37362637,2.02197802,2664.0,1886.0,260.0,406.0,284.0,74.0,666.0,910.0,978.0,850.0,284.0,429.0,304.0,79.0,50.0,1024.0,296.0,22.50549451,6.50549451,28.2,27.1,29.7,4428,1593,33,103,303,227,110,806,11,2835,2088.0,423.0,868.0,671.0,54.0,72.0,2430.0,758.0,783.0,509.0,380.0,4290.0,2456.0,1715.0,1272,1184,88,485,699,1184,813,443,370,122,248,371,268,103,117,22,77,71,70,30,84,59,56,182,163,176,35,9,0,33,50185,51616,16682,50185,51616,28930,31745,25222,26636,27326,39176,29531,39167,1942.0,31,62,135,63,0,64,113,28,175,601,851,995,211600,3618,932,28,19,9,0,0,19,19,0,0,0,23,23,0,0,0,5,857,857,0,838,19,0,32.1,21.15621156
Jefferson Park,3165.0,955.0,1994.0,57.0,25.0,113.0,0.0,0.0,21.0,30.17377567,63.00157978,1.80094787,0.78988942,3.57030016,0.0,0.0,0.66350711,1537.0,1628.0,181.0,73.0,33.0,28.0,254.0,102.0,1115.0,1077.0,260.0,176.0,103.0,65.0,13.0,315.0,169.0,9.95260664,5.33965245,31.0,31.5,30.5,3048,550,14,0,73,33,28,225,177,2498,2219.0,452.0,1133.0,321.0,123.0,190.0,2620.0,329.0,228.0,429.0,1634.0,2984.0,2138.0,674.0,1995,1859,136,411,1448,1859,562,411,151,55,96,1297,887,410,164,80,70,103,62,62,124,90,30,122,150,187,172,176,160,107,62664,74792,48515,62664,74792,51033,63194,42419,15956,20584,37617,59191,73494,2000.0,509,181,320,19,22,151,185,196,23,389,1125,1152,497000,2678,487,41,9,0,0,32,33,13,10,10,0,11,0,0,0,11,0,402,402,0,378,24,0,17.5,17.43772242
Sun Valley,1462.0,684.0,182.0,485.0,26.0,85.0,0.0,0.0,0.0,46.78522572,12.44870041,33.17373461,1.77838577,5.81395349,0.0,0.0,0.0,733.0,729.0,322.0,213.0,227.0,95.0,535.0,345.0,126.0,159.0,109.0,30.0,116.0,2.0,40.0,857.0,129.0,58.61833105,8.82352941,14.6,11.3,25.2,1249,666,51,44,195,136,173,37,30,583,203.0,37.0,121.0,19.0,17.0,9.0,557.0,231.0,170.0,127.0,29.0,1140.0,712.0,167.0,511,465,46,53,412,465,301,75,226,8,218,164,158,6,246,49,47,34,27,13,18,2,6,14,0,0,9,0,0,0,9766,9707,5539,9766,9707,11196,22206,8214,10714,None,9625,None,None,1957.0,0,0,0,37,29,40,98,180,22,105,228,241,None,1165,297,1,0,0,0,1,118,0,5,85,28,150,63,87,0,0,0,28,28,0,28,0,0,80.2,79.73421927
Valverde,4560.0,3597.0,474.0,172.0,0.0,275.0,0.0,33.0,9.0,78.88157895,10.39473684,3.77192982,0.0,6.03070175,0.0,0.72368421,0.19736842,2346.0,2214.0,389.0,491.0,367.0,256.0,880.0,706.0,430.0,781.0,592.0,549.0,330.0,164.0,128.0,1503.0,501.0,32.96052632,10.98684211,33.7,31.8,33.9,4370,1253,75,66,509,192,304,97,10,3117,1827.0,336.0,562.0,738.0,159.0,32.0,2697.0,1022.0,945.0,360.0,370.0,4171.0,1594.0,2234.0,1366,1318,48,728,590,1318,944,638,306,107,199,374,326,48,146,82,117,63,43,0,146,117,26,158,115,101,84,86,21,13,42917,51311,16756,42917,51311,31261,36085,22181,29625,31410,31250,31250,49477,1952.0,0,38,3,10,37,84,52,580,376,186,1054,1130,208300,3040,1520,0,0,0,0,0,185,27,0,158,0,153,33,0,0,120,0,1182,1182,6,1164,12,0,16.6,16.52542373
Athmar Park,9504.0,6389.0,2278.0,128.0,111.0,482.0,6.0,25.0,85.0,66.9674761,24.50059048,1.20351494,1.36162905,4.64465502,0.05526898,0.24861999,1.01824545,4766.0,4738.0,560.0,816.0,825.0,313.0,1376.0,1336.0,1273.0,1642.0,1372.0,968.0,846.0,542.0,149.0,2514.0,1512.0,26.45451239,15.69382181,34.45,34.45,34.9,9147,2495,98,198,687,688,445,302,77,6652,4081.0,728.0,1560.0,1220.0,272.0,301.0,6444.0,2067.0,1862.0,1362.0,1153.0,8944.0,4089.0,4387.0,3218,3173,45,1790,1383,3173,2127,1340,787,325,462,1046,743,303,173,178,206,130,116,195,267,263,121,357,424,321,157,161,47,57,47827,50020,20216,47827,50020,33122,34508,28157,28490,24330,35227,46723,67812,1956.0,33,0,7,71,115,209,116,2042,395,230,1052,1190,233600,7120,2384,22,11,11,0,0,381,32,26,323,0,8,8,0,0,0,0,1973,1973,0,1973,0,0,20.75,19.79402557
Elyria Swansea,6626.0,5360.0,902.0,251.0,36.0,13.0,0.0,0.0,64.0,80.89345005,13.61303954,3.78810746,0.54331422,0.1961968,0.0,0.0,0.96589194,3523.0,3103.0,357.0,646.0,546.0,347.0,1003.0,1113.0,989.0,711.0,1081.0,895.0,492.0,223.0,119.0,1896.0,689.0,28.61454875,10.39843043,32.7,30.7,35.3,6400,1916,78,204,471,394,442,243,84,4484,3020.0,720.0,1350.0,601.0,246.0,103.0,3985.0,1644.0,1154.0,653.0,534.0,6269.0,1853.0,4412.0,1985,1803,182,830,973,1803,1409,822,587,132,455,394,266,128,87,107,51,195,49,104,62,76,84,236,208,297,151,24,0,72,54602,53466,18540,54602,53466,30501,33179,26168,27315,29890,30972,31726,None,1951.0,0,0,102,136,45,154,100,507,318,623,969,1110,211400,4272,2354,16,8,0,0,8,0,0,0,0,0,0,0,0,0,0,0,2338,2338,36,2291,11,0,20.7,18.94960965
Wellshire,3453.0,392.0,2820.0,31.0,0.0,83.0,0.0,0.0,127.0,11.35244715,81.66811468,0.89777006,0.0,2.40370692,0.0,0.0,3.67796119,1657.0,1796.0,223.0,259.0,167.0,200.0,482.0,446.0,238.0,429.0,437.0,421.0,379.0,342.0,279.0,849.0,957.0,24.58731538,27.71503041,42.6,39.3,45.6,3308,862,54,29,237,147,219,69,107,2446,1570.0,398.0,601.0,426.0,59.0,86.0,2413.0,61.0,241.0,420.0,1691.0,3230.0,2893.0,217.0,1435,1342,93,1157,185,1342,1017,848,169,30,139,325,298,27,18,0,33,40,19,19,28,52,79,113,76,147,148,87,88,395,110571,128393,63199,110571,128393,68087,81563,56979,None,37750,36484,76000,101066,None,0,33,31,25,8,196,141,968,33,0,2071,2190,633800,3203,250,82,18,0,11,53,49,34,0,15,0,34,34,0,0,0,0,85,85,3,82,0,0,3.3,2.06489676
University,9633.0,780.0,7717.0,313.0,0.0,657.0,0.0,0.0,166.0,8.69711039,79.41477096,3.64229302,0.0,6.52421564,0.0,0.0,1.72160998,4964.0,4669.0,393.0,275.0,325.0,102.0,668.0,2281.0,2950.0,1406.0,873.0,465.0,682.0,170.0,138.0,1095.0,649.0,10.55740603,6.1897414,25.05,25.3,24.75,9317,4473,70,43,252,235,153,3150,570,4844,4496.0,1342.0,1789.0,1050.0,182.0,133.0,5075.0,46.0,382.0,1027.0,3620.0,9240.0,7953.0,253.0,3808,3498,310,1687,1811,3498,1400,1130,270,138,132,2098,1360,738,331,166,177,83,166,184,79,128,66,249,298,234,372,299,250,416,61516,114426,37961,61516,114426,51914,56646,44666,None,21776,35982,58634,58360,1956.0,64,22,155,87,132,378,678,877,569,846,1225,1271,479300,8693,940,252,41,185,0,26,465,399,8,20,38,130,26,0,0,72,0,93,66,9,23,34,27,16.35,4.27045029
Rosedale,2645.0,415.0,2065.0,56.0,8.0,96.0,0.0,0.0,5.0,15.6899811,78.07183365,2.11720227,0.30245747,3.6294896,0.0,0.0,0.18903592,1270.0,1375.0,123.0,112.0,58.0,32.0,235.0,90.0,541.0,657.0,403.0,291.0,192.0,116.0,120.0,325.0,346.0,12.28733459,13.08128544,34.9,35.1,34.9,2573,362,23,54,42,53,37,77,76,2211,1637.0,207.0,880.0,298.0,202.0,50.0,2225.0,65.0,222.0,392.0,1546.0,2522.0,2266.0,160.0,1433,1295,138,709,586,1295,581,442,139,95,44,714,529,185,65,16,13,15,58,38,28,59,13,115,136,150,128,112,214,135,91033,120129,53971,91033,120129,60348,62873,55000,None,None,32419,63770,64583,1952.0,28,38,81,68,143,112,98,183,314,368,1556,1600,462500,2449,196,57,10,0,0,47,26,21,0,5,0,0,0,0,0,0,0,113,107,59,25,23,6,7.4,1.37693632
Cheesman Park,8998.0,624.0,7753.0,131.0,25.0,211.0,25.0,1.0,228.0,6.63317942,86.27222168,1.41625678,0.37650602,2.72739956,0.22014794,0.00880592,2.34548267,4650.0,4348.0,156.0,146.0,164.0,76.0,302.0,298.0,2357.0,2289.0,1051.0,925.0,1046.0,493.0,237.0,542.0,1601.0,5.67342989,19.87726885,36.2,38.75,33.2,8907,991,42,0,122,133,157,214,323,7916,6033.0,1388.0,2756.0,1291.0,308.0,290.0,8036.0,86.0,449.0,1926.0,5575.0,8842.0,8138.0,247.0,5844,5501,343,1863,3638,5501,1437,1111,326,119,207,4064,3058,1006,332,173,151,84,286,343,328,222,249,498,644,637,331,334,290,599,60782,113256,59156,60782,113256,48118,48206,46419,None,30834,33468,43625,65722,1959.0,136,0,87,181,303,951,1493,435,277,1981,1201,1232,356600,8509,489,146,46,37,17,46,173,66,33,22,52,0,0,0,0,0,16,154,101,49,44,8,53,10.15,3.53375527
Hilltop,9365.0,504.0,7875.0,301.0,51.0,260.0,13.0,58.0,303.0,5.42433055,84.38155632,3.02995335,0.50073937,2.56531874,0.16021691,0.7148139,3.22307086,4101.0,5264.0,929.0,620.0,579.0,171.0,1549.0,816.0,707.0,1284.0,1400.0,1211.0,1245.0,602.0,551.0,2299.0,2186.0,25.07184035,23.18539793,42.8,45.75,41.15,8762,2126,255,97,571,435,253,264,251,6636,3812.0,826.0,1681.0,963.0,166.0,176.0,6598.0,117.0,435.0,773.0,5273.0,8436.0,7657.0,205.0,4021,3777,244,2775,1002,3777,2427,2122,305,46,259,1350,1062,288,148,66,82,92,86,9,150,61,47,135,303,254,331,319,412,1282,157800,197448,97028,157800,197448,86326,119448,64956,None,34300,78838,87628,89538,1959.5,120,41,497,226,155,384,445,1169,494,490,1878,1998,820350,8761,604,325,59,81,45,140,110,100,10,0,0,84,0,0,0,0,33,52,16,7,0,9,36,6.35,3.67634145
Montclair,5866.0,588.0,4619.0,98.0,17.0,83.0,0.0,124.0,337.0,10.02386635,78.74190249,1.67064439,0.28980566,1.41493352,0.0,2.11387658,5.74497102,2705.0,3161.0,313.0,383.0,134.0,113.0,696.0,273.0,1120.0,1199.0,753.0,721.0,625.0,342.0,137.0,943.0,956.0,16.07569042,16.29730651,38.1,38.5,38.0,5620,1030,129,112,208,110,123,168,180,4590,3377.0,469.0,1677.0,962.0,164.0,105.0,4618.0,20.0,336.0,761.0,3501.0,5553.0,4850.0,288.0,2920,2782,138,2026,756,2782,1186,1013,173,25,148,1596,1160,436,108,8,15,33,109,55,53,31,75,252,204,447,432,284,312,364,100043,131818,61135,100043,131818,59599,64219,56311,None,39306,43856,65208,70208,1949.0,29,18,72,131,74,70,123,818,1073,512,1618,1646,433400,5301,565,229,0,0,0,229,97,31,36,30,0,9,9,0,0,0,19,211,155,0,118,37,56,4.2,0.0
Hale,7457.0,659.0,5863.0,395.0,21.0,259.0,0.0,14.0,246.0,9.21136168,79.95186247,4.87355311,0.29946175,2.7358375,0.0,0.14218972,2.78573376,3573.0,3884.0,436.0,284.0,216.0,62.0,720.0,291.0,1252.0,1814.0,1093.0,1019.0,712.0,355.0,201.0,998.0,1183.0,14.55028192,16.37176608,38.35,37.4,38.4,7160,1171,125,112,175,180,85,241,253,5989,4321.0,1073.0,2062.0,838.0,196.0,152.0,6195.0,243.0,583.0,1302.0,4067.0,7021.0,6263.0,245.0,4590,4196,394,1891,2305,4196,1481,1092,389,95,294,2715,2040,675,346,275,187,137,244,171,130,99,198,271,388,533,190,422,326,279,68372,104862,49732,68372,104862,52382,56896,52050,None,52112,37914,57252,65128,1953.5,184,39,81,156,196,407,829,900,826,972,1162,1206,432000,6826,631,180,30,50,0,100,260,175,24,18,18,16,0,0,0,0,0,175,166,0,151,15,9,10.75,6.24121114
North Park Hill,10192.0,708.0,5965.0,2754.0,0.0,140.0,35.0,147.0,443.0,7.13635843,58.11144286,27.1661079,0.0,1.33214769,0.32098313,1.44593708,4.48702292,4811.0,5381.0,738.0,705.0,514.0,291.0,1443.0,888.0,755.0,2280.0,1860.0,1025.0,1017.0,692.0,232.0,2248.0,1955.0,21.93187341,18.98717925,38.35,37.1,39.7,9629,2221,148,170,488,471,395,267,282,7408,5232.0,632.0,2890.0,1112.0,289.0,309.0,7656.0,633.0,933.0,1415.0,4675.0,9454.0,8742.0,408.0,4240,4095,145,3661,434,4095,2653,2000,653,154,499,1442,958,484,105,66,42,113,69,125,51,100,124,320,268,631,475,372,536,698,103657,117433,51206,103657,117433,57764,68972,52493,16798,52125,46438,56206,91534,975.0,0,0,68,41,57,52,160,1107,1489,1266,1525,1770,400200,9750,442,0,0,0,0,0,170,35,0,124,11,98,11,0,14,0,0,174,149,4,145,0,25,5.35,3.31543081
South Park Hill,9531.0,905.0,7250.0,797.0,42.0,288.0,0.0,0.0,249.0,9.49717585,76.02965691,8.39669399,0.43821372,3.03327254,0.0,0.0,2.604987,4587.0,4944.0,747.0,568.0,498.0,208.0,1315.0,1060.0,919.0,1558.0,1265.0,1325.0,1308.0,638.0,143.0,2021.0,2029.0,21.16995664,21.30485565,39.4,39.7,38.85,9068,2345,236,143,402,397,302,648,217,6723,4376.0,966.0,2080.0,931.0,192.0,207.0,6685.0,314.0,422.0,1109.0,4840.0,8784.0,7800.0,542.0,3784,3637,147,2948,689,3637,2438,2160,278,98,180,1199,910,289,71,42,67,85,70,132,103,39,62,172,212,447,507,399,414,815,115081,139380,61554,115081,139380,60920,68460,58707,31050,51652,35682,70896,76388,0.0,0,49,71,65,17,95,109,358,496,2524,1048,1157,590200,8653,878,139,86,16,0,37,209,27,100,0,82,58,5,23,8,16,35,437,348,15,290,43,89,5.55,3.91988879
Virginia Village,14701.0,2385.0,10294.0,937.0,0.0,658.0,32.0,98.0,297.0,15.87131603,70.40497258,6.34776734,0.0,4.47964145,0.20434227,0.6675217,2.02443861,7477.0,7224.0,891.0,671.0,622.0,258.0,1562.0,1062.0,2934.0,3103.0,1724.0,1645.0,1591.0,532.0,548.0,2442.0,2155.0,16.65872715,14.89494405,36.0,35.275,37.1,14079,2745,147,134,565,497,346,728,328,11334,8133.0,1873.0,3220.0,1916.0,649.0,475.0,11192.0,825.0,1694.0,2847.0,5826.0,13810.0,11307.0,1112.0,6798,6432,366,2667,3765,6432,3019,2227,792,341,451,3413,2363,1050,276,277,222,338,387,317,218,298,281,615,540,998,531,339,501,294,70241,79163,37614,70241,79163,41284,42222,40383,25198,30022,33311,48022,55277,1963.0,76,5,50,126,339,1335,1942,2727,115,83,1240,1357,360575,12529,2172,367,68,70,59,170,837,227,42,342,226,312,27,0,6,24,0,656,641,0,572,69,15,14.6,11.12008279
DIA,1519.0,453.0,537.0,389.0,7.0,29.0,0.0,0.0,104.0,29.82225148,35.3522054,25.60895326,0.46082949,1.90915076,0.0,0.0,6.84660961,703.0,816.0,150.0,151.0,72.0,52.0,301.0,124.0,280.0,287.0,260.0,107.0,106.0,54.0,0.0,425.0,135.0,27.97893351,8.88742594,32.6,33.4,30.7,1426,389,71,22,101,67,52,70,6,1037,809.0,83.0,367.0,222.0,75.0,62.0,1016.0,60.0,244.0,501.0,211.0,1369.0,1129.0,162.0,636,636,0,447,189,636,332,182,150,28,122,304,250,54,0,45,28,32,30,14,23,59,35,87,101,97,67,9,0,9,54592,62941,26286,54592,62941,41976,42423,40288,None,36632,40625,45000,44583,2005.0,0,32,526,54,5,19,0,0,0,0,1235,1395,187000,1299,220,12,0,12,0,0,29,7,0,22,0,85,85,0,0,0,0,94,94,0,87,7,0,7.0,6.62650602
University Hills,5729.0,652.0,4504.0,136.0,45.0,115.0,0.0,0.0,277.0,8.42715466,79.07778295,4.41388925,1.01116703,2.45263223,0.0,0.0,4.61737389,2860.0,2869.0,369.0,173.0,219.0,51.0,542.0,280.0,477.0,1327.0,822.0,626.0,787.0,323.0,545.0,812.0,1291.0,13.88607229,27.44409589,45.65,38.8,51.35,5455,764,82,8,155,182,136,130,71,4691,2990.0,683.0,1293.0,651.0,194.0,169.0,4745.0,450.0,789.0,1078.0,2428.0,5360.0,4796.0,477.0,2906,2755,151,1714,1041,2755,1372,1034,338,195,143,1383,1053,330,90,97,171,94,139,124,64,108,65,220,211,440,325,165,268,174,61777,91702,43645,61777,91702,47576,51764,42013,22073,45994,38954,54875,57617,1960.5,101,148,106,9,132,177,449,1692,67,25,1412,1578,346250,5265,464,42,9,5,0,28,62,48,6,8,0,19,0,0,0,10,0,341,320,2,264,54,21,5.35,1.17260788
Harvey Park,13336.0,8141.0,4157.0,203.0,29.0,662.0,0.0,14.0,130.0,60.55344259,31.63030109,1.58961995,0.21598554,4.88391498,0.0,0.11844332,1.00829254,6678.0,6658.0,1184.0,1126.0,823.0,498.0,2310.0,1551.0,2315.0,2197.0,1522.0,1491.0,916.0,455.0,579.0,3631.0,1570.0,27.20266927,11.80068839,31.7,31.4,32.4,12588,3647,337,168,1039,717,595,708,83,8941,6592.0,928.0,2620.0,2072.0,682.0,290.0,8429.0,2168.0,2444.0,1781.0,2036.0,12152.0,7197.0,4340.0,4532,4431,101,2888,1543,4431,2941,1936,1005,277,728,1490,967,523,177,124,259,167,169,191,207,239,177,317,842,887,268,145,133,129,59329,61754,24072,59329,61754,33556,36297,29493,25100,29186,36917,53796,63876,1957.5,31,12,22,64,66,823,395,2792,316,11,967,1108,256100,10538,2798,51,0,13,0,38,516,90,0,426,0,0,0,0,0,0,0,2231,2205,10,2116,79,26,14.85,12.67098647
Mar Lee,12779.0,7904.0,3573.0,261.0,267.0,633.0,0.0,55.0,86.0,61.82444061,28.63995031,1.96356369,1.89868918,4.63396252,0.0,0.43075313,0.60864056,6472.0,6307.0,892.0,997.0,865.0,541.0,1889.0,1857.0,1965.0,2156.0,1781.0,1354.0,997.0,354.0,426.0,3295.0,1476.0,25.64909174,11.92748943,33.1,31.35,36.2,12118,2964,177,150,838,600,715,458,26,9154,5752.0,1050.0,1600.0,1954.0,737.0,411.0,8061.0,2399.0,2796.0,1713.0,1153.0,11887.0,5963.0,5275.0,4482,4286,196,2508,1778,4286,3001,1951,1050,306,744,1285,1047,238,403,139,230,228,314,214,297,234,191,356,563,485,243,193,166,30,47202,57706,20622,47202,57706,33864,36026,30427,29458,30754,33115,40078,49203,1956.5,0,0,0,145,137,510,382,2739,484,85,985,1110,208800,9135,3644,39,0,14,0,25,516,29,18,469,0,54,40,0,0,0,0,3035,3035,7,3028,0,0,13.85,9.60907116
Westwood,17513.0,13823.0,2281.0,468.0,245.0,654.0,0.0,0.0,42.0,78.73561917,12.99637038,2.80905065,1.42854936,3.76693689,0.0,0.0,0.26347356,8470.0,9043.0,1611.0,2058.0,1762.0,740.0,3669.0,2978.0,2603.0,2488.0,2386.0,1588.0,1004.0,469.0,328.0,6171.0,1460.0,35.28500757,8.41022996,28.3,29.6,27.6,16616,5532,437,424,1629,1294,1192,477,79,11084,6894.0,789.0,1925.0,2980.0,669.0,531.0,9989.0,3859.0,3327.0,1831.0,972.0,15902.0,5954.0,9141.0,5299,5018,281,1774,3244,5018,3652,2189,1463,294,1169,1366,1020,346,500,384,405,419,325,301,418,312,212,435,255,563,324,57,63,45,36718,37090,15053,36718,37090,27385,33155,18372,22510,28074,32489,34675,None,1954.75,0,63,222,128,131,642,300,2213,1282,318,884,1023,198350,11945,5568,0,0,0,0,0,518,63,83,372,0,189,43,4,12,1,0,4861,4840,62,4772,6,21,29.075,27.20385306
East Colfax,10587.0,2833.0,3747.0,2653.0,99.0,925.0,0.0,58.0,272.0,27.91026966,36.73972672,23.60051369,0.89138109,7.52765816,0.0,0.66361556,2.66683512,5415.0,5172.0,720.0,569.0,606.0,295.0,1289.0,1136.0,2334.0,2316.0,1440.0,1222.0,435.0,266.0,149.0,2190.0,900.0,19.72049032,8.73385848,32.45,30.9,33.25,10099,2498,56,156,486,445,484,613,258,7601,5758.0,928.0,2136.0,1654.0,634.0,406.0,7123.0,1327.0,1376.0,2108.0,2312.0,9867.0,6269.0,1840.0,4731,4423,308,1537,2886,4423,2018,1162,856,201,655,2405,1676,729,465,259,157,189,359,186,206,209,234,445,470,573,281,154,162,74,48602,53264,28642,48602,53264,36336,38534,33510,27177,31299,36564,52130,57669,1958.5,14,28,281,173,276,806,503,968,1211,471,1000,1100,267800,7982,2605,74,20,20,0,34,750,145,393,212,0,925,638,64,0,129,4,852,841,0,717,124,11,19.95,17.64804725
Auraria,818.0,193.0,564.0,10.0,7.0,22.0,0.0,11.0,11.0,23.59413203,68.94865526,1.22249389,0.85574572,2.68948655,0.0,1.34474328,1.34474328,401.0,417.0,0.0,0.0,0.0,0.0,0.0,552.0,178.0,30.0,18.0,10.0,30.0,0.0,0.0,0.0,8.0,0.0,0.97799511,19.6,19.6,19.5,818,741,0,0,0,0,0,737,4,77,343.0,152.0,88.0,60.0,11.0,32.0,102.0,0.0,4.0,32.0,66.0,818.0,721.0,43.0,68,40,28,32,8,40,18,18,0,0,0,22,15,7,0,0,0,0,0,0,0,4,4,3,4,4,0,4,3,14,125625,None,11484,125625,None,41250,None,57917,None,None,None,None,None,0.0,0,0,4,0,0,4,0,4,0,56,None,None,522700,765,53,0,0,0,0,0,22,11,11,0,0,10,10,0,0,0,0,21,21,0,21,0,0,0.0,0.0
University Park,8193.0,836.0,6148.0,88.0,46.0,688.0,0.0,0.0,387.0,10.57514445,74.80136745,1.30866916,0.62791,8.28339186,0.0,0.0,4.40351708,4032.0,4161.0,215.0,440.0,360.0,143.0,655.0,688.0,2316.0,1240.0,1117.0,827.0,648.0,402.0,300.0,1158.0,1204.0,12.99244747,14.70558126,33.9,34.35,32.15,8069,2846,87,91,386,261,184,1335,502,5223,3909.0,1079.0,1979.0,557.0,168.0,126.0,5318.0,125.0,474.0,1151.0,3568.0,7978.0,6715.0,417.0,4146,3699,447,1571,2128,3699,1631,1346,285,49,236,2068,1451,617,413,181,0,164,239,173,105,111,111,284,186,396,206,136,305,689,68926,147565,59398,68926,147565,49042,74253,35549,None,30960,25020,68502,56886,1967.5,139,287,721,122,294,325,715,630,511,402,1162,1240,651700,7129,1064,118,12,49,0,57,679,469,54,114,42,50,0,0,11,39,0,217,96,0,38,58,121,18.4,6.43433065
Union Station,6523.0,577.0,5321.0,65.0,9.0,442.0,0.0,0.0,109.0,8.84562318,81.57289591,0.99647402,0.13797333,6.7760233,0.0,0.0,1.67101027,3952.0,2571.0,106.0,66.0,52.0,20.0,172.0,104.0,1567.0,1634.0,654.0,1002.0,800.0,325.0,265.0,244.0,975.0,3.74061015,14.94711023,36.7,35.9,40.3,6435,587,18,16,50,52,20,211,220,5848,3931.0,948.0,1766.0,727.0,367.0,123.0,6027.0,327.0,442.0,820.0,4438.0,6417.0,5706.0,132.0,5436,4344,1092,1396,2948,4344,1041,941,100,49,51,3303,2486,817,527,202,106,23,75,52,59,58,100,255,300,523,370,411,449,834,93654,132199,94698,93654,132199,71336,76089,67848,38690,None,47917,67994,115347,2002.0,1157,388,1464,454,561,442,103,89,19,759,1735,1783,615300,5819,704,149,55,15,0,79,402,300,52,50,0,0,0,0,0,0,41,112,112,0,91,21,0,13.6,13.35254563
Stapleton,24389.0,2537.0,17688.0,1867.0,85.0,1062.0,23.0,55.0,1072.0,10.41669511,72.48137591,7.63032809,0.3279574,4.45934608,0.10061242,0.21220773,4.37147726,12116.0,12273.0,2499.0,2547.0,1827.0,644.0,5046.0,2540.0,2061.0,5684.0,4718.0,2103.0,1248.0,757.0,232.0,7517.0,1990.0,30.78004781,8.26799907,35.2,34.85,35.5,22854,6622,775,557,1997,1523,737,441,592,16232,10153.0,1697.0,4415.0,3031.0,732.0,278.0,16424.0,559.0,1733.0,2576.0,11556.0,21890.0,19233.0,1120.0,8405,8251,154,5948,2303,8251,5717,4734,983,342,641,2534,2006,528,264,147,124,105,142,119,160,170,124,450,337,819,885,1026,1231,2148,133744,156065,52620,133744,156065,78276,93995,61462,7004,26474,40087,79720,96287,2009.0,1788,1989,4252,277,65,0,8,26,0,0,1700,1828,541200,22687,1702,371,112,66,15,178,670,371,61,203,35,235,121,0,62,0,10,416,344,43,201,100,72,4.55,2.62231394
Montbello,37463.0,23848.0,3737.0,7670.0,100.0,751.0,184.0,166.0,1007.0,63.91880271,10.30539064,19.88544901,0.27724715,2.0068129,0.54987747,0.48685404,2.56956608,18504.0,18959.0,2841.0,3626.0,3766.0,2058.0,6467.0,7082.0,5402.0,5615.0,5066.0,3767.0,2407.0,1178.0,479.0,12291.0,3533.0,33.04163098,9.45937709,29.73333333,29.53333333,29.46666667,35801,11622,402,583,3069,3015,2633,1726,194,24179,15631.0,2739.0,6153.0,3709.0,1348.0,1682.0,21376.0,7631.0,6482.0,5036.0,2227.0,34622.0,13532.0,19687.0,9519,9314,205,5751,3563,9314,7758,4852,2906,862,2044,1556,1352,204,509,383,347,373,554,549,504,393,523,864,835,1490,972,562,300,156,58583,57390,18718,58583,57390,31289,36317,25673,30212,31230,35000,30198,56314,1979.16666667,34,20,838,1801,1631,3515,1374,226,46,34,1158,1351,223250,26050,11413,80,7,52,14,7,597,59,11,527,0,540,152,0,0,271,71,10125,10125,146,9876,103,0,17.9,16.00398141
Lowry Field,8902.0,1227.0,6244.0,527.0,114.0,536.0,0.0,31.0,223.0,13.78341946,70.14154123,5.92001797,1.2806111,6.02111885,0.0,0.34823635,2.50505504,3846.0,5056.0,452.0,544.0,604.0,266.0,996.0,1066.0,1140.0,1615.0,1187.0,1164.0,954.0,528.0,252.0,1866.0,1540.0,20.96158167,17.29948326,36.7,36.0,38.0,8619,2348,96,69,432,558,405,356,432,6271,4392.0,953.0,1754.0,1165.0,283.0,237.0,6392.0,226.0,488.0,1065.0,4613.0,8450.0,7053.0,571.0,4248,3964,284,2181,1783,3964,2117,1661,456,92,364,1847,1511,336,132,133,94,182,188,118,44,248,130,200,327,384,330,252,400,802,84866,148287,58769,84866,148287,59594,74452,51398,23125,40089,54375,48709,89219,2003.0,0,337,2401,770,49,163,63,149,98,218,1346,1446,555600,7680,1222,400,177,126,15,82,162,89,0,15,58,207,41,0,0,0,0,453,349,11,141,197,104,8.3,6.2824752
West Colfax,10150.0,5321.0,3743.0,581.0,38.0,155.0,8.0,25.0,279.0,52.40228976,37.11511531,5.63857213,0.40113942,1.46531264,0.07183908,0.22449713,2.68123454,4902.0,5248.0,990.0,402.0,689.0,197.0,1392.0,1135.0,1874.0,2209.0,1008.0,889.0,759.0,577.0,307.0,2278.0,1637.0,21.8571539,17.12520915,32.65,32.85,33.7,9443,2263,282,77,360,523,401,478,142,7180,4387.0,826.0,2111.0,767.0,364.0,319.0,6868.0,1530.0,1556.0,1583.0,2199.0,9160.0,6528.0,2364.0,4668,4220,448,1019,3201,4220,1925,1018,907,232,675,2295,1663,632,653,448,346,216,215,197,228,137,145,270,324,357,231,125,151,177,34790,36344,25338,34790,36344,31372,37080,22910,19210,22936,25124,51852,55820,1962.5,315,118,125,191,339,712,660,766,545,897,822,900,426600,8857,1293,95,43,33,11,8,129,27,18,84,0,21,0,21,0,0,0,1048,1048,65,962,21,0,28.9,28.81188925
West Highland,9030.0,1105.0,7492.0,104.0,26.0,151.0,29.0,0.0,123.0,12.21213519,83.00542858,1.14331143,0.28328612,1.67537637,0.32650304,0.0,1.35395927,4353.0,4677.0,657.0,415.0,183.0,191.0,1072.0,438.0,1212.0,2325.0,1443.0,861.0,828.0,645.0,206.0,1446.0,1501.0,16.0125083,16.60486839,37.55,38.1,36.7,8547,1279,154,134,245,140,236,233,137,7268,4934.0,719.0,2328.0,1374.0,379.0,134.0,7254.0,196.0,914.0,1354.0,4790.0,8373.0,7755.0,427.0,4669,4291,378,2915,1376,4291,1951,1533,418,112,306,2340,1719,621,93,95,67,107,162,180,79,226,137,304,341,506,338,407,535,714,93397,135598,67028,93397,135598,66066,77320,60872,36471,40455,41846,68487,85838,976.0,142,95,434,280,109,164,131,431,417,2466,1159,1240,462500,8675,355,117,89,12,7,9,118,112,0,0,6,3,0,0,0,3,0,117,58,3,34,21,59,7.8,4.94134712
Sloan Lake,8002.0,1906.0,5455.0,332.0,37.0,133.0,3.0,0.0,136.0,20.51610327,71.89524961,4.46265396,0.316564,1.47403704,0.0695088,0.0,1.26588331,4063.0,3939.0,559.0,343.0,301.0,172.0,902.0,618.0,935.0,2046.0,1359.0,717.0,721.0,459.0,245.0,1375.0,1326.0,17.62434353,15.77295598,37.35,36.45,38.15,7618,1396,169,78,271,168,279,219,212,6222,4216.0,552.0,1916.0,1033.0,474.0,241.0,6203.0,595.0,599.0,1292.0,3717.0,7443.0,6524.0,769.0,3933,3732,201,2178,1554,3732,1773,1241,532,120,412,1959,1371,588,380,259,157,104,73,64,127,91,103,182,217,456,277,286,453,503,92377,116555,57840,92377,116555,61216,67606,55525,25893,25813,48722,63047,75440,1950.0,107,95,113,156,201,502,205,583,678,1293,1194,1274,539350,7512,490,78,51,14,0,13,114,45,0,65,4,0,0,0,0,0,0,298,291,2,289,0,7,11.15,10.2670503
Berkeley,9302.0,2299.0,6518.0,67.0,14.0,138.0,0.0,35.0,231.0,23.97581184,69.92276727,0.95360157,0.20576132,1.38106199,0.0,0.51440329,3.04659273,4330.0,4972.0,675.0,267.0,237.0,272.0,942.0,543.0,979.0,2241.0,1582.0,1198.0,1204.0,342.0,271.0,1451.0,1361.0,15.35193655,14.46477147,39.45,41.35,38.0,8785,1598,129,39,241,206,288,365,330,7187,4863.0,849.0,2164.0,1226.0,507.0,117.0,7618.0,742.0,998.0,1336.0,4542.0,8627.0,7203.0,1233.0,4602,4469,133,3082,1387,4469,2242,1743,499,116,383,2227,1629,598,357,103,134,149,141,230,205,118,103,294,322,470,364,352,603,524,79986,114185,51299,79986,114185,59498,62452,57344,35966,28338,48784,68756,71222,970.5,240,108,395,73,92,198,80,546,425,2445,1207,1330,453700,8594,708,89,16,13,28,32,99,57,0,27,15,5,5,0,0,0,15,500,476,0,476,0,24,8.55,5.84382257
Villa Park,9519.0,6567.0,2559.0,219.0,106.0,39.0,0.0,0.0,29.0,68.93025385,27.24842969,2.07543594,1.10145292,0.36959818,0.0,0.0,0.27482942,4985.0,4534.0,805.0,881.0,632.0,234.0,1686.0,1045.0,1512.0,1591.0,1337.0,1037.0,743.0,332.0,236.0,2552.0,1001.0,26.34917843,10.48308037,32.8,33.55,32.5,9010,2450,211,191,721,462,364,393,108,6560,4134.0,773.0,1392.0,1255.0,330.0,384.0,6288.0,2350.0,1531.0,1240.0,1167.0,8714.0,4118.0,4355.0,3328,3145,183,1468,1677,3145,1991,1267,724,292,432,1154,839,315,348,329,196,250,214,170,85,122,87,208,401,219,182,144,125,65,43376,47229,23356,43376,47229,29266,35061,23430,27160,33492,25428,52982,38664,1955.5,0,60,238,135,52,468,434,919,443,579,1014,1091,224300,7104,2415,68,10,0,0,58,48,0,48,0,0,77,0,0,0,0,0,2222,2222,9,2194,19,0,23.0,19.04029127
Clayton,4624.0,2258.0,1304.0,784.0,31.0,82.0,12.0,10.0,143.0,48.83217993,28.20069204,16.9550173,0.67041522,1.7733564,0.25951557,0.21626298,3.09256055,2300.0,2324.0,294.0,433.0,223.0,283.0,727.0,627.0,681.0,981.0,579.0,461.0,349.0,149.0,70.0,1233.0,415.0,26.66522491,8.97491349,32.6,32.5,32.7,4519,1233,22,83,337,165,413,101,112,3286,2065.0,408.0,961.0,349.0,183.0,164.0,2920.0,948.0,329.0,671.0,972.0,4330.0,2313.0,1945.0,1857,1697,160,877,820,1697,972,573,399,117,282,725,482,243,189,36,134,53,167,51,70,80,147,145,92,155,157,62,85,74,46679,46129,29311,46679,46129,37184,42168,30219,26114,21331,37228,51444,56111,1950.0,51,11,38,73,148,46,110,475,255,650,891,1018,314800,3662,962,10,0,10,0,0,53,0,43,10,0,0,0,0,0,0,0,899,895,0,856,39,4,22.0,21.91358025
Gateway - Green Valley Ranch,37183.0,14507.0,9277.0,10345.0,147.0,1873.0,12.0,40.0,982.0,39.27877476,25.25649937,27.5415589,0.35318527,4.7805644,0.03075346,0.11199597,2.64666788,17974.0,19209.0,2999.0,3342.0,3248.0,1732.0,6341.0,5611.0,5273.0,7108.0,5460.0,4169.0,2075.0,872.0,274.0,11321.0,2729.0,30.61429799,7.32124672,31.9,32.075,31.75,35371,11443,583,588,2712,2683,2127,2228,522,23928,18451.0,2351.0,6639.0,5154.0,2587.0,1720.0,22897.0,3926.0,5959.0,7138.0,5874.0,34184.0,19010.0,10872.0,12096,11555,541,8408,3147,11555,8617,6307,2310,788,1522,2938,2228,710,258,179,131,204,323,523,558,529,591,1282,1531,2123,1592,808,593,330,70934,74538,26128,70934,74538,40280,44160,35032,35194,34347,43340,44371,55024,2002.75,629,1083,6594,2188,1242,200,18,26,66,50,1444,1681,263775,27262,9921,293,124,100,0,69,1956,276,344,1068,268,1682,1154,15,16,340,0,5990,5930,323,4921,686,60,7.675,5.72660106
Indian Creek,3918.0,667.0,2667.0,196.0,8.0,113.0,0.0,0.0,267.0,17.02399183,68.0704441,5.00255232,0.20418581,2.88412455,0.0,0.0,6.81470138,1768.0,2150.0,362.0,129.0,105.0,28.0,491.0,133.0,675.0,835.0,396.0,501.0,562.0,220.0,105.0,624.0,672.0,15.92649311,17.15160796,37.4,35.5,40.4,3660,606,94,8,71,78,47,169,139,3054,2209.0,280.0,1129.0,585.0,85.0,130.0,3091.0,135.0,391.0,891.0,1674.0,3556.0,2955.0,294.0,2036,1969,67,1337,632,1969,874,523,351,96,255,1095,843,252,84,21,69,46,23,50,101,50,116,205,373,368,194,46,129,94,68773,76364,42476,68773,76364,48987,50750,46820,None,31929,40773,60019,57404,1984.0,13,0,0,265,1331,397,14,8,8,0,1365,1481,257300,3485,433,116,14,26,0,76,80,54,0,26,0,41,0,0,0,0,0,196,196,0,101,95,0,6.3,3.08924485
Five Points,17687.0,3236.0,10830.0,2167.0,67.0,298.0,0.0,0.0,1089.0,18.15098421,60.40031008,13.34356609,0.36972722,1.18664876,0.0,0.0,6.54876363,9636.0,8051.0,811.0,574.0,283.0,171.0,1385.0,503.0,6355.0,4350.0,1809.0,1811.0,968.0,339.0,167.0,1839.0,1185.0,12.63699285,9.69124594,32.76666667,33.36666667,32.23333333,17147,2830,361,174,196,219,223,1201,456,14317,10321.0,3237.0,3681.0,2226.0,713.0,464.0,13868.0,1196.0,1446.0,3408.0,7818.0,16876.0,14589.0,1666.0,9661,8747,914,2139,6608,8747,2482,1423,1059,293,766,6265,3990,2275,925,329,204,365,281,275,72,341,152,747,785,1158,838,977,710,588,67795,93629,48538,67795,93629,50526,55347,45706,28562,43230,32897,63004,67811,1330.66666667,1304,1233,3249,436,548,130,275,249,14,2223,1163,1245,442867,16299,1388,212,76,58,0,78,240,173,4,63,0,42,15,0,0,27,3,891,813,0,765,48,78,18.26666667,13.87126274
Northeast Park Hill,10000.0,2832.0,2495.0,3806.0,68.0,91.0,0.0,17.0,691.0,28.30158749,25.01081562,37.84713126,0.70381631,0.92082968,0.0,0.17138748,7.04443216,4762.0,5238.0,742.0,733.0,810.0,396.0,1475.0,1414.0,1346.0,2060.0,1206.0,929.0,817.0,452.0,301.0,2681.0,1273.0,26.85447787,12.70160111,33.3,31.55,35.85,9541,2700,234,157,528,693,530,468,90,6841,4127.0,814.0,1704.0,1002.0,317.0,290.0,6604.0,1139.0,2041.0,1775.0,1649.0,9258.0,6758.0,2180.0,3642,3524,118,1475,2049,3524,1939,880,1059,159,900,1585,1236,349,320,244,213,124,247,189,308,155,129,305,425,351,129,120,199,66,44626,53570,24152,44626,53570,30738,28196,33118,23692,26089,26076,49422,56723,1963.0,113,329,326,127,56,168,234,2123,84,82,1110,1274,292700,8820,1180,67,41,0,0,26,24,10,14,0,0,139,0,0,0,35,0,950,950,27,911,12,0,22.4,19.87217699
Regis,4945.0,1477.0,3224.0,83.0,0.0,73.0,0.0,0.0,88.0,29.8685541,65.19716886,1.67846309,0.0,1.47623862,0.0,0.0,1.77957533,2247.0,2698.0,183.0,267.0,325.0,97.0,450.0,1038.0,753.0,802.0,673.0,469.0,342.0,266.0,152.0,872.0,728.0,17.63397371,14.72194135,33.2,32.1,34.6,4795,1841,45,80,195,231,193,998,99,2954,2222.0,513.0,909.0,602.0,131.0,67.0,3076.0,308.0,606.0,775.0,1387.0,4762.0,4258.0,433.0,1762,1706,56,1178,528,1706,964,605,359,83,276,742,507,235,64,72,101,31,30,93,44,96,47,140,179,348,152,67,187,55,70208,81530,29134,70208,81530,47798,53246,42792,None,36360,40045,53810,66450,0.0,10,7,20,24,26,77,168,306,151,973,1024,1243,356700,4737,208,59,17,10,18,14,35,27,6,2,0,0,0,0,0,0,25,89,68,0,68,0,21,14.0,10.37344398
Lincoln Park,6537.0,3031.0,2509.0,725.0,10.0,151.0,0.0,19.0,92.0,46.67116222,37.84306451,11.39062377,0.14463408,2.32560324,0.0,0.27480474,1.35010744,3342.0,3195.0,294.0,406.0,365.0,149.0,700.0,598.0,1620.0,1399.0,717.0,613.0,510.0,273.0,107.0,1214.0,665.0,18.8987383,10.151044,32.05,32.4,31.55,6394,1566,130,39,393,252,191,415,146,4828,2854.0,916.0,989.0,613.0,161.0,175.0,4526.0,1149.0,826.0,960.0,1591.0,6243.0,4287.0,1563.0,3050,2874,176,830,2044,2874,1073,555,518,134,384,1801,1243,558,592,292,143,126,146,190,46,56,91,188,234,271,223,94,97,85,37166,37598,24548,37166,37598,34975,37535,33126,22992,24120,23847,53000,62159,1971.0,76,382,109,109,751,226,230,82,22,1063,780,852,297000,5545,992,27,7,0,12,8,148,107,30,0,11,182,82,37,0,63,0,635,635,0,607,28,0,37.8,36.51639316
City Park West,5234.0,705.0,3506.0,712.0,6.0,79.0,0.0,50.0,176.0,14.78086213,64.42718777,14.10382181,0.17103763,1.23402666,0.0,1.42531357,3.85775043,2674.0,2560.0,167.0,213.0,84.0,39.0,380.0,125.0,1386.0,1497.0,586.0,383.0,552.0,216.0,109.0,503.0,676.0,11.28474816,12.07376571,33.05,32.1,34.05,5099,846,0,96,109,72,69,278,222,4253,2959.0,855.0,1131.0,687.0,183.0,103.0,4370.0,436.0,540.0,714.0,2680.0,5067.0,4642.0,252.0,3027,2769,258,768,2001,2769,723,494,229,27,202,2046,1525,521,456,191,133,140,69,119,49,90,151,246,201,252,141,149,148,234,53734,96726,42963,53734,96726,44342,43321,44946,25662,19184,30582,47131,65156,977.0,73,11,237,138,169,281,365,134,190,1429,874,927,453350,4934,300,56,0,16,0,40,65,9,27,1,28,24,24,0,0,0,0,155,146,0,131,15,9,17.95,10.17713056
Whittier,5705.0,1172.0,3004.0,1367.0,43.0,44.0,0.0,0.0,75.0,20.543383,52.65556529,23.96143734,0.7537248,0.77125329,0.0,0.0,1.31463628,2401.0,3304.0,299.0,397.0,313.0,160.0,696.0,647.0,941.0,1374.0,1062.0,304.0,414.0,141.0,126.0,1169.0,556.0,20.49079755,9.74583699,33.1,34.4,32.3,5555,1336,98,73,262,251,351,101,200,4219,3173.0,759.0,1394.0,739.0,206.0,75.0,4201.0,398.0,666.0,858.0,2279.0,5406.0,4756.0,628.0,2327,2292,35,1277,1015,2292,1121,681,440,17,423,1171,661,510,149,109,12,11,48,47,138,118,90,66,219,333,214,157,355,226,84200,89688,42461,84200,89688,49438,56917,47193,None,35474,38544,62464,69167,0.0,0,20,104,39,12,115,263,206,64,1504,854,1025,456100,5584,121,17,0,17,0,0,19,19,0,0,0,0,0,0,0,0,0,85,85,0,85,0,0,12.1,7.85013381
Skyland,3405.0,209.0,1791.0,1248.0,0.0,0.0,0.0,0.0,157.0,6.13803231,52.59911894,36.65198238,0.0,0.0,0.0,0.0,4.61086637,1765.0,1640.0,392.0,25.0,83.0,90.0,417.0,187.0,576.0,860.0,341.0,289.0,359.0,153.0,223.0,590.0,544.0,17.32745962,15.97650514,36.1,34.5,36.8,3127,475,103,13,12,97,90,99,61,2652,1710.0,386.0,726.0,444.0,110.0,44.0,2556.0,213.0,340.0,635.0,1368.0,3013.0,2806.0,172.0,1513,1454,59,1027,427,1454,894,502,392,160,232,560,450,110,146,35,92,32,41,50,66,44,30,107,159,126,124,100,184,118,64539,92969,40459,64539,92969,49964,56419,43942,20571,36250,31140,78750,52750,1948.0,0,63,21,24,23,93,65,407,259,558,1022,1222,406500,3312,93,0,0,0,0,0,0,0,0,0,0,0,0,0,0,0,0,93,93,8,74,11,0,14.6,11.96868009
Cole,4596.0,2173.0,1633.0,682.0,4.0,12.0,0.0,1.0,91.0,47.28024369,35.53089643,14.83899043,0.0870322,0.26109661,0.0,0.02175805,1.97998259,2406.0,2190.0,307.0,312.0,334.0,170.0,619.0,581.0,818.0,1170.0,590.0,337.0,318.0,109.0,54.0,1123.0,368.0,24.43429069,8.00696258,32.1,32.5,31.8,4422,1068,54,77,274,239,261,140,23,3354,2298.0,694.0,780.0,547.0,209.0,68.0,3290.0,798.0,603.0,729.0,1160.0,4289.0,2630.0,1608.0,1881,1744,137,909,835,1744,868,461,407,191,216,876,479,397,164,110,142,61,204,39,76,63,6,82,166,176,185,80,78,112,52188,40938,30336,52188,40938,36288,36857,35237,24053,24554,30500,52192,63333,0.0,0,7,85,43,105,42,85,135,30,1349,836,963,328300,3619,977,28,0,20,0,8,15,5,1,0,9,0,0,0,0,0,4,930,930,0,897,33,0,23.5,20.62211982
Marston,11749.0,2213.0,8284.0,15.0,12.0,885.0,0.0,0.0,340.0,19.0318254,69.83644193,0.14199167,0.09277872,8.07222753,0.0,0.0,2.82473475,5622.0,6127.0,799.0,588.0,327.0,225.0,1387.0,688.0,1761.0,2021.0,1479.0,1547.0,1807.0,825.0,234.0,1939.0,2530.0,16.53698031,21.86086213,40.35,36.05,44.5,11225,2083,118,171,428,246,288,552,280,9142,6761.0,1087.0,2604.0,1628.0,942.0,500.0,9189.0,432.0,1432.0,3472.0,3853.0,10950.0,9140.0,794.0,5831,5648,183,3569,2079,5648,2797,2088,709,251,458,2851,2224,627,217,67,66,270,223,279,137,202,178,707,940,994,613,229,297,229,68490,78782,38984,68490,78782,44238,46687,40423,34098,30704,37183,52982,58230,1989.5,24,118,965,1702,1915,1004,43,36,0,24,1211,1336,302850,10661,1088,303,51,22,35,195,539,250,45,244,0,16,0,0,0,0,0,230,212,0,103,109,18,6.35,3.66509751
Washington Virginia Vale,14837.0,2626.0,8514.0,2324.0,51.0,747.0,0.0,77.0,498.0,15.45921666,62.9059891,12.48832727,0.36226349,4.56684439,0.0,0.66111135,3.55624774,7770.0,7067.0,1071.0,769.0,533.0,326.0,1840.0,1053.0,2939.0,2963.0,1890.0,1513.0,1116.0,801.0,722.0,2699.0,2407.0,16.02156268,17.12667613,36.33333333,34.76666667,37.63333333,14195,3096,259,169,649,429,318,953,319,11099,7592.0,1680.0,3138.0,1898.0,430.0,446.0,11000.0,789.0,1592.0,3627.0,4992.0,13766.0,10687.0,1045.0,7269,6904,365,2565,4339,6904,3122,2055,1067,348,719,3782,2825,957,418,267,281,459,354,385,626,470,311,409,740,755,479,352,388,210,52475,65997,35131,52475,65997,37508,40860,33623,16156,25651,34999,40564,58917,1969.0,6,22,248,627,771,2759,1725,1003,73,35,1107,1201,310400,12207,2630,390,63,47,33,247,810,127,355,156,172,852,237,45,29,61,22,556,539,16,393,130,17,13.46666667,8.99952416
Barnum,6654.0,4734.0,1654.0,37.0,229.0,0.0,0.0,0.0,0.0,71.14517583,24.85722873,0.55605651,3.44153892,0.0,0.0,0.0,0.0,3302.0,3352.0,486.0,507.0,636.0,367.0,993.0,1268.0,971.0,1170.0,596.0,887.0,371.0,254.0,144.0,1996.0,830.0,29.99699429,12.47370003,30.8,31.5,29.8,6426,1719,91,60,371,488,445,250,14,4707,2898.0,354.0,1116.0,872.0,236.0,320.0,3963.0,1295.0,1308.0,872.0,488.0,6168.0,2830.0,3263.0,2084,1977,107,998,979,1977,1433,860,573,87,486,544,402,142,156,183,75,113,188,114,124,40,119,254,201,213,147,40,10,0,43594,40664,15586,43594,40664,26751,30388,23750,25969,24154,31837,27847,None,1953.0,0,0,54,13,65,147,168,810,364,463,990,1160,183100,5023,1631,14,0,14,0,0,15,0,0,0,15,0,0,0,0,0,5,1597,1577,0,1526,51,20,25.2,25.05233775
Barnum West,6276.0,4743.0,1176.0,182.0,36.0,63.0,0.0,28.0,48.0,75.57361377,18.73804971,2.89993627,0.57361377,1.00382409,0.0,0.44614404,0.76481836,3348.0,2928.0,434.0,329.0,360.0,504.0,763.0,946.0,999.0,1045.0,899.0,599.0,639.0,244.0,142.0,1627.0,698.0,25.92415551,11.12173359,33.9,30.7,36.6,5979,1292,105,49,258,290,387,174,29,4687,2971.0,299.0,1272.0,1160.0,151.0,89.0,4001.0,1357.0,1229.0,711.0,704.0,5842.0,2437.0,3313.0,1942,1897,45,1206,691,1897,1272,799,473,111,362,625,368,257,34,112,129,143,145,36,186,40,18,229,252,228,98,148,85,14,56042,57500,22125,56042,57500,34926,35735,31289,26540,35789,29211,52969,89722,1954.0,0,0,2,101,29,93,76,1138,348,155,1071,1129,221700,4443,1833,16,12,4,0,0,63,0,0,63,0,15,15,0,0,0,0,1739,1739,0,1718,21,0,16.9,16.43081761
Speer,11715.0,1251.0,9520.0,225.0,12.0,446.0,0.0,6.0,255.0,10.64068512,81.51587216,1.92070632,0.09387468,3.55662508,0.0,0.07317966,2.19905698,5820.0,5895.0,414.0,187.0,189.0,174.0,601.0,440.0,3042.0,3427.0,1489.0,1083.0,909.0,443.0,281.0,964.0,1378.0,8.29860491,11.88040525,33.63333333,34.9,32.93333333,11497,1504,165,33,116,176,193,397,424,9993,7787.0,1810.0,3366.0,1724.0,627.0,260.0,10042.0,234.0,697.0,1894.0,7217.0,11301.0,10110.0,463.0,8316,7427,889,2214,5213,7427,1556,1180,376,173,203,5871,4716,1155,362,219,307,147,354,239,466,550,296,696,840,1030,581,361,471,508,61077,111963,54249,61077,111963,55622,56433,54691,31141,44498,43937,55548,66371,1960.0,325,237,127,395,505,1208,1858,832,290,2539,1140,1173,406433,10780,935,164,18,81,17,48,378,41,135,154,48,100,0,19,81,0,0,293,239,65,107,67,54,8.7,2.19028063
Cherry Creek,6989.0,455.0,5905.0,137.0,0.0,293.0,0.0,37.0,162.0,6.51023036,84.48991272,1.96022321,0.0,4.19230219,0.0,0.52940335,2.31792817,3313.0,3676.0,189.0,161.0,168.0,67.0,350.0,247.0,667.0,1314.0,803.0,1067.0,1284.0,771.0,486.0,585.0,2509.0,8.37029618,35.89927028,51.1,48.3,52.9,6826,730,30,36,127,176,79,208,74,6096,3054.0,580.0,1309.0,826.0,219.0,120.0,6056.0,240.0,482.0,995.0,4339.0,6800.0,6071.0,181.0,4712,4190,522,2166,2024,4190,1692,1380,312,89,223,2498,2070,428,245,127,110,148,99,79,72,182,76,230,323,274,437,224,490,1074,107574,186538,98997,107574,186538,75809,93987,69387,None,None,60281,95746,90972,1992.0,219,91,971,1265,722,617,244,191,75,317,1471,1541,811500,5975,1014,476,226,74,0,176,276,60,128,58,30,15,15,0,0,0,17,230,196,73,19,104,34,5.5,0.0
Country Club,2954.0,82.0,2740.0,11.0,40.0,21.0,0.0,0.0,60.0,2.77589709,92.75558565,0.37237644,1.35409614,0.71090047,0.0,0.0,2.03114421,1484.0,1470.0,202.0,108.0,174.0,132.0,310.0,349.0,266.0,360.0,432.0,383.0,527.0,280.0,47.0,616.0,827.0,20.85308057,27.99593771,45.1,43.3,46.0,2834,617,57,7,101,166,156,58,72,2217,1378.0,523.0,531.0,238.0,68.0,18.0,2220.0,9.0,36.0,253.0,1922.0,2752.0,2506.0,136.0,1393,1296,97,990,306,1296,817,704,113,51,62,479,392,87,36,0,9,37,0,38,18,0,25,25,97,89,107,112,89,614,177813,234766,119648,177813,234766,79722,148056,60556,None,None,63994,78551,116500,0.0,0,0,35,27,11,39,8,61,70,1142,1650,1744,1044100,2790,164,59,17,15,0,27,46,30,8,0,8,11,11,0,0,0,0,48,9,0,9,0,39,2.0,0.0
Congress Park,11801.0,1260.0,9603.0,426.0,18.0,243.0,0.0,0.0,251.0,10.86994204,81.25191576,3.25770148,0.17709563,2.30444339,0.0,0.0,2.13890169,6103.0,5698.0,607.0,319.0,210.0,265.0,926.0,541.0,2796.0,3296.0,1360.0,1377.0,916.0,416.0,173.0,1401.0,1353.0,12.48671495,11.79570751,34.3,34.83333333,33.9,11367,1938,190,45,254,174,287,552,436,9429,7508.0,1841.0,3486.0,1603.0,382.0,196.0,9598.0,184.0,779.0,1612.0,7023.0,11194.0,10331.0,520.0,6310,5877,433,2527,3350,5877,2090,1733,357,142,215,3787,2738,1049,374,222,70,269,181,112,276,285,191,831,433,500,477,336,525,795,83970,132541,56651,83970,132541,52382,60687,46862,None,29541,37037,54553,76792,649.0,51,70,198,200,221,441,913,429,387,3400,1234,1283,533167,11163,638,78,23,10,0,45,206,142,48,16,0,49,0,0,39,10,26,279,192,0,129,63,87,9.46666667,2.53505096
City Park,3532.0,387.0,2675.0,349.0,0.0,80.0,0.0,0.0,41.0,10.95696489,75.73612684,9.8810872,0.0,2.26500566,0.0,0.0,1.1608154,1606.0,1926.0,173.0,83.0,82.0,44.0,256.0,141.0,823.0,1068.0,343.0,192.0,350.0,250.0,109.0,382.0,717.0,10.81540204,20.30011325,34.5,35.3,34.1,3435,648,61,7,76,82,44,217,161,2787,2112.0,485.0,928.0,449.0,134.0,116.0,3035.0,88.0,163.0,791.0,1993.0,3359.0,2991.0,289.0,2041,1890,151,700,1190,1890,527,414,113,26,87,1363,970,393,120,128,38,102,125,63,86,45,113,62,135,195,205,175,94,204,67946,121719,54052,67946,121719,45597,49917,41455,None,40344,33510,46111,73654,1965.0,62,5,621,126,55,73,158,130,54,757,970,1033,454600,3270,262,20,0,0,0,20,22,7,8,7,0,34,0,0,0,34,16,170,153,76,56,21,17,12.0,1.89753321
Capitol Hill,16100.0,1549.0,12594.0,612.0,96.0,752.0,0.0,3.0,494.0,9.54043238,78.1130232,3.99957799,0.61386797,4.60755276,0.0,0.01594642,3.10959928,8689.0,7411.0,145.0,102.0,114.0,140.0,247.0,375.0,6204.0,4478.0,1548.0,1676.0,1270.0,195.0,107.0,501.0,1156.0,3.06438089,6.91974458,31.5,33.13333333,30.1,16018,2401,26,47,59,66,216,1011,976,13617,11181.0,2760.0,5114.0,2434.0,422.0,451.0,14152.0,255.0,1687.0,3148.0,9062.0,15955.0,14424.0,825.0,11864,11243,621,2285,8958,11243,1515,1184,331,221,110,9728,7693,2035,1143,404,674,660,642,678,351,663,524,1013,980,1654,603,412,559,283,49881,93124,45685,49881,93124,43870,47439,39447,16250,30508,33900,45905,60478,1954.33333333,159,49,405,401,639,1505,2069,1560,811,4266,1036,1070,249400,14909,1191,280,42,119,0,119,473,197,107,157,12,44,11,0,20,0,0,394,376,111,162,103,18,14.6,4.65697674
North Capitol Hill,6360.0,712.0,4887.0,446.0,32.0,145.0,0.0,0.0,138.0,11.03891558,77.16827983,6.84930301,0.47846823,2.21633869,0.0,0.0,2.24869466,3401.0,2959.0,60.0,10.0,7.0,24.0,70.0,52.0,2317.0,1696.0,598.0,708.0,647.0,190.0,82.0,101.0,611.0,1.65521522,9.57977651,32.6,33.75,30.9,6307,558,0,0,0,7,24,208,319,5749,4417.0,1131.0,1846.0,969.0,241.0,230.0,5703.0,320.0,457.0,1178.0,3748.0,6300.0,5772.0,269.0,4650,4218,432,665,3553,4218,659,564,95,59,36,3559,2606,953,477,197,209,184,108,118,125,178,100,428,430,381,420,251,367,245,65572,123522,55292,65572,123522,57175,66332,51660,None,39625,45832,54601,73337,1984.5,118,382,1093,574,281,188,128,175,136,1575,1254,1348,386800,5899,461,135,88,0,6,41,66,36,0,30,0,22,12,0,0,0,0,238,184,0,95,89,54,14.3,2.62295082
Civic Center,2202.0,179.0,1670.0,190.0,0.0,112.0,16.0,0.0,35.0,8.12897366,75.84014532,8.62851953,0.0,5.0862852,0.72661217,0.0,1.58946412,1234.0,968.0,32.0,0.0,0.0,0.0,32.0,0.0,451.0,463.0,339.0,433.0,252.0,202.0,30.0,32.0,452.0,1.45322434,20.52679382,44.3,44.3,43.8,2170,245,0,0,0,0,0,193,52,1925,1275.0,401.0,500.0,284.0,48.0,42.0,2019.0,43.0,216.0,511.0,1249.0,2170.0,1953.0,64.0,1606,1433,173,376,1057,1433,412,376,36,18,18,1021,808,213,123,123,40,19,84,0,30,51,11,58,49,116,206,81,196,246,100947,177500,87164,100947,177500,67885,91613,57917,None,None,40938,74609,107500,2002.0,192,67,724,343,69,46,41,42,12,70,1623,1650,530200,1995,207,48,10,27,11,0,103,19,33,23,28,0,0,0,0,0,0,56,37,0,0,37,19,13.4,0.0
CBD,4253.0,552.0,3134.0,187.0,27.0,138.0,0.0,14.0,201.0,12.9790736,73.68916059,4.39689631,0.63484599,3.2447684,0.0,0.3291794,4.72607571,2457.0,1796.0,0.0,19.0,22.0,0.0,19.0,375.0,1447.0,818.0,660.0,405.0,345.0,170.0,14.0,41.0,420.0,0.96402539,9.87538208,31.7,34.3,27.6,4253,1358,0,0,22,0,25,1180,131,2895,2640.0,959.0,965.0,391.0,268.0,57.0,3031.0,148.0,244.0,600.0,2039.0,4253.0,3876.0,192.0,3369,2637,732,947,1690,2637,401,314,87,39,48,2236,1786,450,393,42,150,122,43,66,33,85,142,155,222,178,96,273,325,312,65408,178750,70077,65408,178750,72992,84429,56985,None,37438,58836,80313,125518,1973.0,22,435,465,81,498,280,760,110,0,718,1412,1556,424900,3902,351,60,18,22,0,20,110,39,71,0,0,22,22,0,0,0,4,155,138,20,23,95,17,21.9,6.73316708
